{"_runtime":547.820916614,"_step":6,"iteration":6,"_wandb":{"runtime":697},"loss":0.5508780196940595,"_timestamp":1.73338207361314e+09}