{"iteration":3,"loss":0.6051128341943057,"_wandb":{"runtime":452},"w_optimization_loss":0.6400129583914002,"_timestamp":1.733446010024685e+09,"_runtime":410.941610429,"_step":1762,"tilde_phi_optimization_loss":1.1906993515516957}