{"_timestamp":1.7334507059883206e+09,"_runtime":367.075992991,"_step":1735,"tilde_phi_optimization_loss":1.4747520920303419,"iteration":3,"loss":0.6005625020951112,"_wandb":{"runtime":412},"w_optimization_loss":0.6505614794093515}